Model,Accuracy,Precision,Recall,F1,AUC
Logistic Regression,0.8048261178140526,0.6666666666666666,0.5294117647058824,0.5901639344262295,0.8459350538634427
Gradient Boosting,0.8041163946061036,0.6725352112676056,0.5106951871657754,0.5805471124620061,0.8437973081195588
Decision Tree,0.7970191625266146,0.676,0.45187165775401067,0.5416666666666666,0.8350486966855254
LightGBM,0.7842441447835344,0.6129032258064516,0.5080213903743316,0.5555555555555556,0.83017644475445
Random Forest,0.7885024840312278,0.6319444444444444,0.48663101604278075,0.5498489425981873,0.8262380841664728
XGBoost,0.78708303761533,0.6193548387096774,0.5133689839572193,0.5614035087719298,0.8184440311038776
SVM,0.7998580553584103,0.676923076923077,0.47058823529411764,0.555205047318612,0.7995918261902917
Weighted Average Ensemble,0.8019872249822569,0.6702508960573477,0.5,0.5727411944869831,0.8445865302642795
