Segment,Size,Percentage,Churn_Rate,Avg_Tenure,Avg_MonthlyCharges,Avg_TotalCharges,Risk_Level,Recommendation,Value
Segment_0,4420,78.452254171104,31.83257918552036,0.029875796615788215,0.40486651940304785,0.20138472178824302,Medium,Proactive engagement,High Value
Segment_1,1214,21.54774582889599,7.248764415156507,-0.08733118384748831,-1.4461407294586976,-0.7156083796930622,Low,Maintain service quality,Standard Value
