Model,AUC,Accuracy,Precision,Recall,F1
LightGBM_Tuned,0.848363429693353,0.7991483321504613,0.6919831223628692,0.4385026737967914,0.5368248772504092
XGBoost_Tuned,0.8458136350719471,0.801277501774308,0.6598639455782312,0.5187165775401069,0.5808383233532934
XGBoost,0.8448112841974734,0.7977288857345636,0.6583629893238434,0.4946524064171123,0.5648854961832062
GradientBoosting,0.8437973081195588,0.8041163946061036,0.6725352112676056,0.5106951871657754,0.5805471124620061
AdaBoost,0.8410718437572657,0.7991483321504613,0.6531986531986532,0.5187165775401069,0.5782414307004471
LightGBM,0.8399454907127542,0.7934705464868701,0.6554307116104869,0.4679144385026738,0.5460218408736349
