Model,Accuracy,Precision,Recall,F1,AUC
LogisticRegression,0.8048261178140526,0.6666666666666666,0.5294117647058824,0.5901639344262295,0.8459350538634427
XGBoost,0.7977288857345636,0.6583629893238434,0.4946524064171123,0.5648854961832062,0.8448112841974734
GradientBoosting,0.8041163946061036,0.6725352112676056,0.5106951871657754,0.5805471124620061,0.8437973081195588
LightGBM,0.7934705464868701,0.6554307116104869,0.4679144385026738,0.5460218408736349,0.8399454907127542
DecisionTree,0.7970191625266146,0.676,0.45187165775401067,0.5416666666666666,0.8350486966855254
RandomForest,0.7885024840312278,0.6319444444444444,0.48663101604278075,0.5498489425981873,0.8262380841664728
RidgeClassifier,0.7984386089425124,0.67578125,0.4625668449197861,0.5492063492063493,
