Model,Accuracy,Precision,Recall,F1,AUC
LogisticRegression_L1,0.8076650106458482,0.6872727272727273,0.5053475935828877,0.5824345146379045,0.8457697176367254
LogisticRegressionCV,0.8034066713981547,0.6622073578595318,0.5294117647058824,0.5884101040118871,0.8457413004727583
LogisticRegression_Tuned,0.8034066713981547,0.6622073578595318,0.5294117647058824,0.5884101040118871,0.8454312950476635
RidgeClassifier,0.7984386089425124,0.67578125,0.4625668449197861,0.5492063492063493,0.8403213722906818
PolynomialLogistic,0.7828246983676366,0.60625,0.5187165775401069,0.5590778097982709,0.8310341264305459
ElasticNet,0.7707594038325053,0.84,0.16844919786096257,0.2806236080178174,0.8174985145573381
