Kernel,Mean_AUC,Std_AUC
linear,0.8288795101966357,0.0013024016896189252
rbf,0.8002398724058689,0.005729290299444888
poly,0.8114461639417364,0.004499461310871838
sigmoid,0.7340434493994005,0.011609920718766062
