Model,Val_AUC,Test_AUC,Test_Accuracy,Test_Precision,Test_Recall,Test_F1
Decision Tree,0.8322218322218321,0.8350486966855254,0.7970191625266146,0.676,0.45187165775401067,0.5416666666666666
Random Forest,0.8467935085582143,0.8438515590689504,0.7885024840312278,0.6623931623931624,0.4144385026737968,0.5098684210526315
